first name,last name,email,teams,id
Alice,Smith, alice.smith@example.com,"Team 101,Team 102",1
Bob,Johnson,bob.johnson@example.com,"Team 101",2
Charlie,Brown,charlie.brown@example.com,"Team 101",3
David,Wilson,david.wilson@example.com,"Team 101",4
Eve,Davis,eve.davis@example.com,"Team 103,Team 104,Team 105",5
Frank,Miller,frank.miller@example.com,"Team 102",6
Grace,Lee,grace.lee@example.com,"Team 102",7
Hank,Moore,hank.moore@example.com,"Team 103",8
Ivy,Clark,ivy.clark@example.com,"Team 106,Team 107",9
Jack,White,jack.white@example.com,"Team 103",10
Karen,Harris,karen.harris@example.com,"Team 103",11
Leo,Martin,leo.martin@example.com,"Team 103",12
Mia,Thompson,mia.thompson@example.com,"Team 108,Team 109, Team 110, Team 111",13
Nina,Scott,nina.scott@example.com,"Team 104",14
Oscar,King,oscar.king@example.com,"Team 104",15
Paul,Green,paul.green@example.com,"Team 104",16
Quinn,Adams,quinn.adams@example.com,"Team 112,Team 113",17
Rachel,Baker,rachel.baker@example.com,"Team 105",18
Sam,Carter,sam.carter@example.com,"Team 105",19
Tina,Evans,tina.evans@example.com,"Team 105",20
Uma,Foster,uma.foster@example.com,"Team 114,Team 115",21
Victor,Gray,victor.gray@example.com,"Team 106",22
Wendy,Hill,wendy.hill@example.com,"Team 106",23
Xander,James,xander.james@example.com,"Team 106",24
Yara,Kelly,yara.kelly@example.com,"Team 107",25
Zane,Lewis,zane.lewis@example.com,"Team 107",26
Amy,Morgan,amy.morgan@example.com,"Team 107",27
Brian,Nelson,brian.nelson@example.com,"Team 107",28
Cathy,Owens,cathy.owens@example.com,"Team 107",29
Dan,Parker,dan.parker@example.com,"Team 108",30
Ella,Quinn,ella.quinn@example.com,"Team 108",31
Fred,Roberts,fred.roberts@example.com,"Team 108",32
Gina,Stewart,gina.stewart@example.com,"Team 109",33
Harry,Turner,harry.turner@example.com,"Team 109",34
Isla,Underwood,isla.underwood@example.com,"Team 109",35
Jake,Vincent,jake.vincent@example.com,"Team 109",36
Kara,Walker,kara.walker@example.com,"Team 110",37
Liam,Young,liam.young@example.com,"Team 110",38
Molly,Zimmerman,molly.zimmerman@example.com,"Team 110",39
Nate,Allen,nate.allen@example.com,"Team 110",40
Olivia,Brooks,olivia.brooks@example.com,"Team 111",41
Peter,Collins,peter.collins@example.com,"Team 111",42
Quincy,Diaz,quincy.diaz@example.com,"Team 111",43
Rita,Edwards,rita.edwards@example.com,"Team 111",44
Steve,Foster,steve.foster@example.com,"Team 111",45
Tara,Garcia,tara.garcia@example.com,"Team 112",46
Ulysses,Harris,ulysses.harris@example.com,"Team 112",47
Vera,Ingram,vera.ingram@example.com,"Team 112",48
Will,Johnson,will.johnson@example.com,"Team 112",49
Xena,King,xena.king@example.com,"Team 113",50
Yusuf,Lee,yusuf.lee@example.com,"Team 113",51
Zara,Moore,zara.moore@example.com,"Team 113",52
Aaron,Nelson,aaron.nelson@example.com,"Team 114",53
Bella,Owens,bella.owens@example.com,"Team 114",54
Chris,Parker,chris.parker@example.com,"Team 114",55
Diana,Quinn,diana.quinn@example.com,"Team 114",56
Ethan,Roberts,ethan.roberts@example.com,"Team 115",57
Fiona,Stewart,fiona.stewart@example.com,"Team 115",58
George,Turner,george.turner@example.com,"Team 115",59
Holly,Underwood,holly.underwood@example.com,"Team 115",60
